"batch","encapsulation_efficiency_percent","bead_diameter_um"
"B1",90.8513610246344,635.072434098413
"B2",87.7183048142101,609.332058867758
"B3",93.4475206785248,540.7628428599
"B4",89.9145404865917,617.727876392846
"B5",90.9990171884479,607.104481163145
"B6",92.2775664072922,601.214460078407
"B7",90.4540675333189,609.588470732934
"B8",90.9605337778469,624.089935498539
